{"time":"2023-05-23 10:56:51"},29270528,{"address":"OFB2SMWDDB3V4RYRSC6EXJYB2RYFVPWGYYEGAOLK52TN72G2DELKVENV44","annotation":null},0.218288,0
{"time":"2023-05-23 10:56:47"},29270527,{"address":"6WL4MR2JTIMUTRUDNC4OMZBKG45PVBM5AVWGWRVUT5QFF2XXCGQLTUNI44","annotation":null},0.218288,0
{"time":"2023-05-23 10:56:43"},29270526,{"address":"LHVWNRKGGOTSSDYK4P4WKXTHZI5SAFKUO5ALAW7NJ6G76RG4UXLBCWN5LQ","annotation":null},0.218288,0
{"time":"2023-05-23 10:56:40"},29270525,{"address":"PZ7TILKNWVGJTAWF7YSBYDHT44SN6NQJXHI55ODGJXGXHGB64BH6MBDGFY","annotation":null},0.218288,0
{"time":"2023-05-23 10:56:36"},29270524,{"address":"YX5KZSZT27L7WZAW7TNONVDZHQQAURJKT4BPRS364KTH2DGMEKLLFOPK3U","annotation":null},0.218288,0
{"time":"2023-05-23 10:56:32"},29270523,{"address":"NRDDQ7MFRTUTMDAP4CBXDQ2IVP5VSLKDASADLLANYLFIKR7NQOGOUINYM4","annotation":null},0.218288,0
{"time":"2023-05-23 10:56:29"},29270522,{"address":"YX5KZSZT27L7WZAW7TNONVDZHQQAURJKT4BPRS364KTH2DGMEKLLFOPK3U","annotation":null},0.218288,0
{"time":"2023-05-23 10:56:25"},29270521,{"address":"XBYLS2E6YI6XXL5BWCAMOA4GTWHXWENZMX5UHXMRNWWUQ7BXCY5WC5TEPA","annotation":null},0.218288,0
{"time":"2023-05-23 10:56:21"},29270520,{"address":"B23XLXSA3MBU3SLP5EF2HE7JRR2UMFNKZBIDRWQPGLGCNDNCABWHMDXPMQ","annotation":null},0.218288,0
{"time":"2023-05-23 10:56:18"},29270519,{"address":"2JGGWKOIKYZB4HLG2X5DWHD5EWCUOQR7DC6VOEMWELIVNVVAF3BEUWJR7Y","annotation":null},0.218288,0
